,result__problem__contestId,result__problem__name,result__problem__rating,result__problem__tags__001,result__problem__tags__002,result__problem__tags__009,result__author__members__handle,result__author__participantType,result__author__teamId,result__author__teamName,result__verdict
0,1690.0,Shifting String,1700.0,graphs,math,,_Satoru_,PRACTICE,,,OK
1,1673.0,Palindrome Basis,1500.0,brute force,dp,,_Satoru_,PRACTICE,,,OK
2,1635.0,Infinite Set,1800.0,bitmasks,dp,,_Satoru_,PRACTICE,,,OK
3,1646.0,Weight the Tree,2000.0,constructive algorithms,dfs and similar,,_Satoru_,PRACTICE,,,OK
4,1634.0,Fortune Telling,1400.0,bitmasks,math,,_Satoru_,VIRTUAL,,,OK
5,1646.0,Power Board,2200.0,brute force,dp,,_Satoru_,PRACTICE,,,OK
6,1673.0,Lost Arithmetic Progression,1900.0,combinatorics,math,,_Satoru_,PRACTICE,,,OK
7,1679.0,Toss a Coin to Your Graph...,1900.0,binary search,dfs and similar,,_Satoru_,PRACTICE,,,OK
8,1691.0,Max GEQ Sum,1800.0,binary search,constructive algorithms,,_Satoru_,PRACTICE,,,OK
9,1691.0,Number of Groups,2300.0,data structures,dfs and similar,,_Satoru_,PRACTICE,,,OK
10,1691.0,Sum of Substrings,1400.0,brute force,constructive algorithms,,_Satoru_,CONTESTANT,,,OK
11,1670.0,Very Suspicious,1700.0,binary search,brute force,,_Satoru_,VIRTUAL,,,OK
12,1670.0,Where is the Pizza?,1400.0,data structures,dfs and similar,,_Satoru_,VIRTUAL,,,OK
13,1685.0,Linguistics,2000.0,greedy,implementation,,_Satoru_,PRACTICE,,,OK
14,1316.0,Primitive Primes,1800.0,constructive algorithms,math,,_Satoru_,PRACTICE,,,OK
15,1642.0,Anonymity Is Important,2200.0,binary search,data structures,,_Satoru_,PRACTICE,,,OK
16,1642.0,Repetitions Decoding,2000.0,constructive algorithms,sortings,,_Satoru_,VIRTUAL,,,OK
17,1648.0,Integral Array,1800.0,brute force,constructive algorithms,,_Satoru_,PRACTICE,,,OK
18,1684.0,Traps,1700.0,constructive algorithms,greedy,,_Satoru_,VIRTUAL,,,OK
19,1684.0,Column Swapping,1400.0,brute force,constructive algorithms,,_Satoru_,VIRTUAL,,,OK
20,1677.0,Tokitsukaze and Strange Inequality,1600.0,brute force,data structures,,_Satoru_,PRACTICE,,,TIME_LIMIT_EXCEEDED
21,1472.0,New Year's Puzzle,2100.0,brute force,dp,,_Satoru_,PRACTICE,,,OK
22,1187.0,Tree Painting,2100.0,dfs and similar,dp,,_Satoru_,PRACTICE,,,OK
23,1486.0,Max Median,2100.0,binary search,data structures,,_Satoru_,PRACTICE,,,OK
24,1680.0,Binary String,1600.0,binary search,greedy,,_Satoru_,PRACTICE,,,OK
25,1591.0,Minimize Distance,1300.0,greedy,math,,_Satoru_,PRACTICE,,,OK
26,1637.0,Best Pair,2100.0,binary search,brute force,,_Satoru_,PRACTICE,,,OK
27,1618.0,Array and Operations,1300.0,dp,greedy,,_Satoru_,PRACTICE,,,OK
28,1615.0,And It's Non-Zero,1300.0,bitmasks,greedy,,_Satoru_,PRACTICE,,,OK
29,1669.0,Maximal AND,1300.0,bitmasks,greedy,,_Satoru_,PRACTICE,,,OK
30,1671.0,Insert a Progression,1600.0,brute force,constructive algorithms,,_Satoru_,PRACTICE,,,WRONG_ANSWER
31,1567.0,Carrying Conundrum,1600.0,bitmasks,combinatorics,,_Satoru_,PRACTICE,,,OK
32,1659.0,Bit Flipping,1300.0,bitmasks,constructive algorithms,,_Satoru_,PRACTICE,,,OK
33,1659.0,Line Empire,1500.0,binary search,brute force,,_Satoru_,PRACTICE,,,OK
34,1659.0,Reverse Sort Sum,1900.0,constructive algorithms,data structures,,_Satoru_,PRACTICE,,,OK
35,1658.0,Shinju and the Lost Permutation,1700.0,constructive algorithms,math,,_Satoru_,PRACTICE,,,OK
36,1658.0,388535 (Hard Version),2300.0,bitmasks,brute force,,_Satoru_,PRACTICE,,,WRONG_ANSWER
37,1658.0,388535 (Easy Version),1600.0,bitmasks,math,,_Satoru_,PRACTICE,,,OK
38,954.0,Castle Defense,2000.0,binary search,data structures,,_Satoru_,PRACTICE,,,WRONG_ANSWER
39,1665.0,GCD Guess,2000.0,bitmasks,chinese remainder theorem,,_Satoru_,PRACTICE,,,OK
40,792.0,Divide by Three,2000.0,dp,greedy,,_Satoru_,PRACTICE,,,OK
41,1661.0,Getting Zero,1300.0,bitmasks,brute force,,_Satoru_,PRACTICE,,,OK
42,1661.0,Water the Trees,1700.0,binary search,greedy,,_Satoru_,PRACTICE,,,OK
43,666.0,World Tour,2000.0,graphs,shortest paths,,_Satoru_,PRACTICE,,,OK
44,1060.0,Sergey and Subway,2000.0,dfs and similar,dp,,_Satoru_,PRACTICE,,,OK
45,938.0,Buy a Ticket,2000.0,data structures,graphs,,_Satoru_,PRACTICE,,,OK
46,999.0,Reachability from the Capital,2000.0,dfs and similar,graphs,,_Satoru_,PRACTICE,,,OK
47,242.0,XOR on Segment,2000.0,bitmasks,data structures,,_Satoru_,PRACTICE,,,MEMORY_LIMIT_EXCEEDED
48,359.0,Pair of Numbers,2000.0,binary search,brute force,,_Satoru_,PRACTICE,,,OK
49,474.0,Captain Marmot,2000.0,brute force,geometry,,_Satoru_,PRACTICE,,,OK
50,633.0,Fibonacci-ish,2000.0,brute force,dp,,_Satoru_,PRACTICE,,,OK
51,615.0,Multipliers,2000.0,math,number theory,,_Satoru_,PRACTICE,,,OK
52,1654.0,Potion Brewing Class,2100.0,dfs and similar,math,,_Satoru_,CONTESTANT,,,TIME_LIMIT_EXCEEDED
53,1654.0,Alice and the Cake,1400.0,data structures,greedy,,_Satoru_,CONTESTANT,,,OK
54,689.0,Mike and Geometry Problem,2000.0,combinatorics,data structures,,_Satoru_,PRACTICE,,,OK
55,767.0,Garland,2000.0,dfs and similar,graphs,,_Satoru_,PRACTICE,,,OK
56,755.0,PolandBall and Polygon,2000.0,data structures,,,_Satoru_,PRACTICE,,,OK
57,899.0,Segments Removal,2000.0,data structures,dsu,,_Satoru_,PRACTICE,,,OK
58,891.0,Gluttony,2000.0,constructive algorithms,greedy,,_Satoru_,PRACTICE,,,OK
59,1101.0,GCD Counting,2000.0,data structures,dfs and similar,,_Satoru_,PRACTICE,,,OK
60,710.0,Generate a String,2000.0,dfs and similar,dp,,_Satoru_,PRACTICE,,,OK
61,877.0,Danil and a Part-time Job,2000.0,bitmasks,data structures,,_Satoru_,PRACTICE,,,OK
62,842.0,Vitya and Strange Lesson,2000.0,binary search,data structures,,_Satoru_,PRACTICE,,,OK
63,776.0,The Door Problem,2000.0,2-sat,dfs and similar,,_Satoru_,PRACTICE,,,OK
64,895.0,Square Subsets,2000.0,bitmasks,combinatorics,,_Satoru_,PRACTICE,,,OK
65,797.0,Array Queries,2000.0,brute force,data structures,,_Satoru_,PRACTICE,,,OK
66,1649.0,Game of Ball Passing,1300.0,greedy,implementation,,_Satoru_,CONTESTANT,,,OK
67,1649.0,Weird Sum,1400.0,brute force,implementation,,_Satoru_,CONTESTANT,,,OK
68,777.0,Hanoi Factory,2000.0,brute force,data structures,,_Satoru_,PRACTICE,,,OK
69,863.0,Turn Off The TV,2000.0,data structures,sortings,,_Satoru_,PRACTICE,,,OK
70,818.0,Sofa Thief,2000.0,brute force,implementation,,_Satoru_,PRACTICE,,,OK
71,1520.0,Arranging The Sheep,1400.0,greedy,math,,_Satoru_,PRACTICE,,,OK
72,1534.0,Little Alawn's Puzzle,1300.0,combinatorics,dp,,_Satoru_,PRACTICE,,,OK
73,1541.0,Great Graphs,1400.0,constructive algorithms,graphs,,_Satoru_,PRACTICE,,,OK
74,1033.0,Divisors,2000.0,interactive,math,,_Satoru_,PRACTICE,,,OK
75,1560.0,Make a Power of Two,1300.0,greedy,math,,_Satoru_,PRACTICE,,,OK
76,1559.0,Mocha and Diana (Easy Version),1400.0,brute force,constructive algorithms,,_Satoru_,PRACTICE,,,RUNTIME_ERROR
77,975.0,Ghosts,2000.0,geometry,math,,_Satoru_,PRACTICE,,,OK
78,1029.0,Multicolored Markers,2000.0,binary search,brute force,,_Satoru_,PRACTICE,,,OK
79,965.0,Greedy Arkady,2000.0,math,,,_Satoru_,PRACTICE,,,OK
80,933.0,A Determined Cleanup,2000.0,math,,,_Satoru_,PRACTICE,,,OK
81,1061.0,TV Shows,2000.0,data structures,greedy,,_Satoru_,PRACTICE,,,OK
82,1082.0,Increasing Frequency,2000.0,binary search,dp,,_Satoru_,PRACTICE,,,OK
83,1632.0,New Year Concert,2000.0,binary search,data structures,,_Satoru_,PRACTICE,,,OK
84,1638.0,Big Brush,2000.0,constructive algorithms,data structures,,_Satoru_,CONTESTANT,,,WRONG_ANSWER
85,1638.0,Inversion Graph,1300.0,data structures,dsu,,_Satoru_,CONTESTANT,,,OK
86,961.0,Pair Of Lines,2000.0,geometry,,,_Satoru_,PRACTICE,,,OK
87,492.0,Vanya and Exams,1400.0,greedy,sortings,,_Satoru_,PRACTICE,,,OK
88,1637.0,Yet Another Minimization Problem,1800.0,dp,greedy,,_Satoru_,PRACTICE,,,OK
89,1132.0,Clear the String,2000.0,dp,,,_Satoru_,PRACTICE,,,OK
90,1104.0,Game with modulo,2000.0,binary search,interactive,,_Satoru_,PRACTICE,,,OK
91,1129.0,Wrong Answer,2000.0,constructive algorithms,,,_Satoru_,PRACTICE,,,OK
92,1416.0,XOR Inverse,2000.0,bitmasks,data structures,trees,_Satoru_,PRACTICE,,,OK
93,1209.0,Rotate Columns (easy version),2000.0,bitmasks,brute force,,_Satoru_,PRACTICE,,,OK
94,1198.0,Matching vs  Independent Set,2000.0,constructive algorithms,graphs,,_Satoru_,PRACTICE,,,OK
95,1237.0,Balanced Playlist,2000.0,binary search,data structures,,_Satoru_,PRACTICE,,,OK
96,1349.0,Orac and Game of Life,2000.0,dfs and similar,graphs,,_Satoru_,PRACTICE,,,OK
97,1321.0,World of Darkraft: Battle for Azathoth,2000.0,data structures,sortings,,_Satoru_,PRACTICE,,,OK
98,1301.0,Time to Run,2000.0,constructive algorithms,graphs,,_Satoru_,PRACTICE,,,OK
99,1209.0,Into Blocks (easy version),2000.0,data structures,dsu,,_Satoru_,PRACTICE,,,OK
100,1214.0,Petya and Construction Set,2000.0,constructive algorithms,graphs,,_Satoru_,PRACTICE,,,OK
101,1316.0,Nash Matrix,2000.0,constructive algorithms,dfs and similar,,_Satoru_,PRACTICE,,,OK
102,1551.0,Fixed Points,2000.0,binary search,brute force,,_Satoru_,PRACTICE,,,OK
103,1266.0,Decreasing Debts,2000.0,constructive algorithms,data structures,,_Satoru_,PRACTICE,,,OK
104,1244.0,Minimizing Difference,2000.0,binary search,constructive algorithms,,_Satoru_,PRACTICE,,,OK
105,1633.0,Make Them Equal,1600.0,dp,greedy,,_Satoru_,PRACTICE,,,OK
106,1244.0,The Football Season,2000.0,brute force,math,,_Satoru_,PRACTICE,,,OK
107,1632.0,Strange Test,1600.0,binary search,bitmasks,,_Satoru_,PRACTICE,,,OK
108,1280.0,Jeremy Bearimy,2000.0,dfs and similar,graphs,,_Satoru_,PRACTICE,,,OK
109,1234.0,Special Permutations,2000.0,math,,,_Satoru_,PRACTICE,,,OK
110,1388.0,Captain Flint and Treasure,2000.0,data structures,dfs and similar,,_Satoru_,PRACTICE,,,OK
111,1408.0,Searchlights,2000.0,binary search,brute force,,_Satoru_,PRACTICE,,,OK
112,1427.0,Unshuffling a Deck,2000.0,constructive algorithms,implementation,,_Satoru_,PRACTICE,,,OK
113,1631.0,And Matching,1500.0,bitmasks,constructive algorithms,,_Satoru_,CONTESTANT,,,OK
114,1525.0,Robot Collisions,2000.0,data structures,greedy,,_Satoru_,PRACTICE,,,OK
115,1618.0,Reverse,2000.0,bitmasks,constructive algorithms,,_Satoru_,PRACTICE,,,OK
116,1619.0,Unusual Minesweeper,2000.0,binary search,dfs and similar,,_Satoru_,PRACTICE,,,OK
117,1619.0,Let's Play the Hat?,2000.0,brute force,constructive algorithms,,_Satoru_,PRACTICE,,,OK
118,1248.0,The World Is Just a Programming Task (Easy Version),2000.0,brute force,dp,,_Satoru_,PRACTICE,,,OK
119,1183.0,Candy Box (hard version),2000.0,greedy,implementation,,_Satoru_,PRACTICE,,,OK
120,1157.0,Maximum Balanced Circle,2000.0,constructive algorithms,dp,,_Satoru_,PRACTICE,,,OK
121,1558.0,Bottom-Tier Reversals,2000.0,constructive algorithms,greedy,,_Satoru_,PRACTICE,,,OK
122,1624.0,Masha-forgetful,2000.0,brute force,constructive algorithms,,_Satoru_,PRACTICE,,,OK
123,1574.0,The Strongest Build,2000.0,binary search,brute force,,_Satoru_,PRACTICE,,,OK
124,1582.0,Pchelyonok and Segments,2000.0,binary search,data structures,,_Satoru_,PRACTICE,,,OK
125,1582.0,Korney Korneevich and XOR (easy version),1800.0,bitmasks,dp,,_Satoru_,PRACTICE,,,OK
126,1582.0,"Vupsen, Pupsen and 0",1600.0,constructive algorithms,math,,_Satoru_,PRACTICE,,,OK
127,1584.0,Guess the Permutation,2000.0,binary search,combinatorics,,_Satoru_,PRACTICE,,,OK
128,1612.0,Messages,2000.0,brute force,dp,,_Satoru_,PRACTICE,,,OK
129,1521.0,Nastia and a Hidden Permutation,2000.0,constructive algorithms,interactive,,_Satoru_,PRACTICE,,,OK
130,1165.0,Microtransactions (hard version),2000.0,binary search,greedy,,_Satoru_,PRACTICE,,,OK
131,1165.0,Microtransactions (easy version),2000.0,binary search,greedy,,_Satoru_,PRACTICE,,,OK
132,1156.0,Match Points,2000.0,binary search,greedy,,_Satoru_,PRACTICE,,,OK
133,1183.0,Subsequences (easy version),2000.0,dp,graphs,,_Satoru_,PRACTICE,,,OK
134,1567.0,Expression Evaluation Error,2000.0,constructive algorithms,greedy,,_Satoru_,PRACTICE,,,OK
135,1620.0,Exact Change,2000.0,brute force,constructive algorithms,,_Satoru_,PRACTICE,,,OK
136,1624.0,Interacdive Problem,2000.0,binary search,constructive algorithms,,_Satoru_,PRACTICE,,,OK
137,1616.0,Keep the Average High,2000.0,dp,greedy,,_Satoru_,PRACTICE,,,OK
138,1133.0,Spanning Tree with One Fixed Degree,1900.0,constructive algorithms,dfs and similar,,_Satoru_,PRACTICE,,,OK
139,1141.0,Privatization of Roads in Treeland,1900.0,binary search,constructive algorithms,,_Satoru_,PRACTICE,,,OK
140,1478.0,Nezzar and Binary String,1900.0,data structures,greedy,,_Satoru_,PRACTICE,,,OK
141,1076.0,Vasya and a Tree,1900.0,data structures,trees,,_Satoru_,PRACTICE,,,OK
142,1624.0,MinOr Tree,1900.0,bitmasks,dfs and similar,,_Satoru_,PRACTICE,,,OK
143,1144.0,Median String,1900.0,bitmasks,math,,_Satoru_,PRACTICE,,,OK
144,1105.0,Kilani and the Game,1900.0,dfs and similar,graphs,,_Satoru_,PRACTICE,,,OK
145,1029.0,Concatenated Multiples,1900.0,implementation,math,,_Satoru_,PRACTICE,,,OK
146,702.0,Road to Post Office,1900.0,math,,,_Satoru_,PRACTICE,,,OK
147,993.0,Open Communication,1900.0,bitmasks,brute force,,_Satoru_,PRACTICE,,,OK
148,1000.0,Yet Another Problem On a Subsequence,1900.0,combinatorics,dp,,_Satoru_,PRACTICE,,,OK
149,999.0,Equalize the Remainders,1900.0,data structures,greedy,,_Satoru_,PRACTICE,,,OK
150,660.0,Number of Parallelograms,1900.0,geometry,,,_Satoru_,PRACTICE,,,OK
151,1063.0,"Dwarves, Hats and Extrasensory Abilities",1900.0,binary search,constructive algorithms,,_Satoru_,PRACTICE,,,OK
152,1077.0,Pictures with Kittens (easy version),1900.0,dp,,,_Satoru_,PRACTICE,,,OK
153,1119.0,Pavel and Triangles,1900.0,brute force,dp,,_Satoru_,PRACTICE,,,OK
154,1561.0,Up the Strip,1900.0,brute force,dp,,_Satoru_,PRACTICE,,,OK
155,1220.0,Alex and Julian,1900.0,bitmasks,math,,_Satoru_,PRACTICE,,,OK
156,1307.0,Cow and Fields,1900.0,binary search,data structures,,_Satoru_,PRACTICE,,,OK
157,1305.0,Kuroni and the Celebration,1900.0,constructive algorithms,dfs and similar,,_Satoru_,PRACTICE,,,OK
158,1509.0,Binary Literature,1900.0,constructive algorithms,greedy,,_Satoru_,PRACTICE,,,OK
159,1197.0,Yet Another Subarray Problem,1900.0,dp,greedy,,_Satoru_,PRACTICE,,,OK
160,1183.0,Subsequences (hard version),1900.0,dp,strings,,_Satoru_,PRACTICE,,,OK
161,1200.0,White Lines,1900.0,brute force,data structures,,_Satoru_,PRACTICE,,,OK
162,1202.0,Print a 1337-string...,1900.0,combinatorics,constructive algorithms,,_Satoru_,PRACTICE,,,OK
163,1560.0,Nearest Beautiful Number (easy version),1900.0,binary search,bitmasks,,_Satoru_,PRACTICE,,,OK
164,1569.0,Inconvenient Pairs,1900.0,binary search,data structures,,_Satoru_,PRACTICE,,,OK
165,1120.0,Diana and Liana,1900.0,greedy,implementation,,_Satoru_,PRACTICE,,,OK
166,1611.0,Escape The Maze (hard version),1900.0,dfs and similar,dp,,_Satoru_,PRACTICE,,,WRONG_ANSWER
167,1114.0,Flood Fill,1900.0,dp,,,_Satoru_,PRACTICE,,,OK
168,1623.0,Balanced Stone Heaps,1600.0,binary search,greedy,,_Satoru_,PRACTICE,,,OK
169,1032.0,Barcelonian Distance,1900.0,geometry,implementation,,_Satoru_,PRACTICE,,,OK
170,1095.0,Almost Regular Bracket Sequence,1900.0,implementation,,,_Satoru_,PRACTICE,,,OK
171,1095.0,Make It Connected,1900.0,dsu,graphs,,_Satoru_,PRACTICE,,,OK
172,1169.0,Good Triple,1900.0,brute force,,,_Satoru_,PRACTICE,,,OK
173,1178.0,Archaeology,1900.0,brute force,constructive algorithms,,_Satoru_,PRACTICE,,,OK
174,1157.0,N Problems During K Days,1900.0,constructive algorithms,greedy,,_Satoru_,PRACTICE,,,OK
175,1174.0,Ehab and the Expected XOR Problem,1900.0,bitmasks,constructive algorithms,,_Satoru_,PRACTICE,,,OK
176,1243.0,0-1 MST,1900.0,dfs and similar,dsu,,_Satoru_,PRACTICE,,,MEMORY_LIMIT_EXCEEDED
177,1228.0,Complete Tripartite,1900.0,brute force,constructive algorithms,,_Satoru_,PRACTICE,,,OK
178,190.0,Counter Attack,2100.0,data structures,dsu,,_Satoru_,PRACTICE,,,OK
179,920.0,Connected Components?,2100.0,data structures,dfs and similar,,_Satoru_,PRACTICE,,,OK
180,1172.0,Nauuo and Circle,1900.0,combinatorics,dfs and similar,,_Satoru_,PRACTICE,,,OK
181,1213.0,Two Small Strings,1900.0,brute force,constructive algorithms,,_Satoru_,PRACTICE,,,OK
182,1216.0,Numerical Sequence (easy version),1900.0,binary search,brute force,,_Satoru_,PRACTICE,,,OK
183,1622.0,Set or Decrease,1600.0,binary search,brute force,,_Satoru_,PRACTICE,,,OK
184,1622.0,Shuffle,2000.0,combinatorics,math,,_Satoru_,PRACTICE,,,OK
185,1117.0,Magic Ship,1900.0,binary search,,,_Satoru_,PRACTICE,,,OK
186,1117.0,Magic Gems,2100.0,dp,math,,_Satoru_,PRACTICE,,,RUNTIME_ERROR
187,1207.0,XOR Guessing,1900.0,bitmasks,interactive,,_Satoru_,PRACTICE,,,OK
188,1175.0,Array Splitting,1900.0,greedy,sortings,,_Satoru_,PRACTICE,,,OK
189,1155.0,Beautiful Array,1900.0,brute force,data structures,,_Satoru_,PRACTICE,,,OK
190,1163.0,Power Transmission (Hard Edition),1900.0,data structures,geometry,,_Satoru_,PRACTICE,,,OK
191,1163.0,Power Transmission (Easy Edition),1900.0,brute force,geometry,,_Satoru_,PRACTICE,,,OK
192,1615.0,Menorah,1600.0,brute force,graphs,,_Satoru_,PRACTICE,,,OK
193,1610.0,Keshi Is Throwing a Party,1600.0,binary search,greedy,,_Satoru_,PRACTICE,,,OK
194,1614.0,Divan and Kostomuksha (easy version),2100.0,dp,number theory,,_Satoru_,PRACTICE,,,OK
195,1614.0,Divan and bitwise operations,1500.0,bitmasks,combinatorics,,_Satoru_,VIRTUAL,,,OK
196,1618.0,Singers' Tour,1700.0,constructive algorithms,math,,_Satoru_,PRACTICE,,,OK
197,1619.0,MEX and Increments,1700.0,constructive algorithms,data structures,,_Satoru_,PRACTICE,,,OK
198,1619.0,New Year's Problem,1800.0,binary search,greedy,,_Satoru_,PRACTICE,,,OK
199,1617.0,Too Many Impostors (easy version),1800.0,constructive algorithms,implementation,,_Satoru_,VIRTUAL,,,OK
200,1617.0,Paprika and Permutation,1300.0,binary search,greedy,,_Satoru_,VIRTUAL,,,OK
201,1609.0,Social Network,1600.0,dsu,graphs,,_Satoru_,VIRTUAL,,,OK
202,1609.0,Complex Market Analysis,1400.0,binary search,dp,,_Satoru_,VIRTUAL,,,OK
203,1620.0,Replace the Numbers,1900.0,constructive algorithms,data structures,,_Satoru_,PRACTICE,,,OK
204,547.0,Mike and Feet,1900.0,binary search,data structures,,_Satoru_,PRACTICE,,,OK
205,463.0,Gargari and Permutations,1900.0,dfs and similar,dp,,_Satoru_,PRACTICE,,,OK
206,2.0,The least round way,2000.0,dp,math,,_Satoru_,PRACTICE,,,OK
207,161.0,Distance in Tree,1800.0,dfs and similar,dp,,_Satoru_,PRACTICE,,,OK
208,577.0,Modulo Sum,1900.0,combinatorics,data structures,,_Satoru_,PRACTICE,,,OK
209,448.0,Painting Fence,1900.0,divide and conquer,dp,,_Satoru_,PRACTICE,,,OK
210,1591.0,Yet Another Sorting Problem,1900.0,constructive algorithms,data structures,,_Satoru_,PRACTICE,,,OK
211,1612.0,X-Magic Pair,1600.0,math,number theory,,_Satoru_,PRACTICE,,,OK
212,1608.0,Game Master,1700.0,data structures,dfs and similar,,_Satoru_,PRACTICE,,,OK
213,607.0,Zuma,1900.0,dp,,,_Satoru_,PRACTICE,,,OK
214,933.0,A Twisty Movement,1800.0,dp,,,_Satoru_,PRACTICE,,,OK
215,983.0,XOR-pyramid,1800.0,dp,,,_Satoru_,PRACTICE,,,OK
216,1613.0,Crazy Robot,2000.0,dfs and similar,graphs,,_Satoru_,PRACTICE,,,OK
217,1613.0,MEX Sequences,1900.0,dp,math,,_Satoru_,PRACTICE,,,OK
218,1602.0,Frog Traveler,1900.0,data structures,dp,,_Satoru_,PRACTICE,,,OK
219,1602.0,Array Elimination,1300.0,bitmasks,math,,_Satoru_,VIRTUAL,,,OK
220,1545.0,AquaMoon and Chess,1900.0,combinatorics,math,,_Satoru_,PRACTICE,,,OK
221,1593.0,Gardener and Tree,1600.0,brute force,data structures,,_Satoru_,PRACTICE,,,OK
222,1593.0,Half of Same,1900.0,brute force,math,,_Satoru_,PRACTICE,,,OK
223,1598.0,Training Session,1700.0,combinatorics,data structures,,_Satoru_,VIRTUAL,,,OK
224,1556.0,Take a Guess,1800.0,bitmasks,constructive algorithms,,_Satoru_,PRACTICE,,,OK
225,1543.0,RPD and Rap Sheet (Easy Version),1700.0,bitmasks,constructive algorithms,,_Satoru_,PRACTICE,,,OK
226,1579.0,Array Stabilization (AND version),1700.0,brute force,graphs,,_Satoru_,PRACTICE,,,OK
227,1579.0,Array Optimization by Deque,1700.0,data structures,greedy,,_Satoru_,PRACTICE,,,OK
228,1556.0,Compressed Bracket Sequence,1800.0,brute force,implementation,,_Satoru_,PRACTICE,,,WRONG_ANSWER
229,1554.0,Mikasa,1800.0,binary search,bitmasks,,_Satoru_,PRACTICE,,,OK
230,449.0,Jzzhu and Cities,2000.0,graphs,greedy,,_Satoru_,PRACTICE,,,OK
231,1547.0,How Many Paths?,2100.0,dfs and similar,dp,,_Satoru_,PRACTICE,,,OK
232,1547.0,Array Stabilization (GCD version),1900.0,binary search,brute force,,_Satoru_,PRACTICE,,,OK
233,1543.0,Need for Pink Slips,1900.0,bitmasks,brute force,,_Satoru_,PRACTICE,,,OK
234,165.0,Compatible Numbers,2200.0,bitmasks,brute force,,_Satoru_,PRACTICE,,,OK
235,1468.0,Road Reform,1800.0,dsu,graphs,,shantanu_p_101_,VIRTUAL,86695.0,elite_coders,WRONG_ANSWER
236,1468.0,Firecrackers,1700.0,binary search,sortings,,shantanu_p_101_,VIRTUAL,86695.0,elite_coders,OK
237,1468.0,Full Turn,1700.0,geometry,hashing,,shantanu_p_101_,VIRTUAL,86695.0,elite_coders,OK
238,1468.0,The Robot,1600.0,brute force,implementation,,shantanu_p_101_,VIRTUAL,86695.0,elite_coders,OK
239,1468.0,Berpizza,1400.0,data structures,implementation,,shantanu_p_101_,VIRTUAL,86695.0,elite_coders,OK
240,622.0,The Sum of the k-th Powers,2600.0,math,,,_Satoru_,PRACTICE,,,OK
241,1295.0,Obtain The String,1600.0,dp,greedy,,_Satoru_,PRACTICE,,,OK
242,1217.0,Zmei Gorynich,1600.0,greedy,math,,_Satoru_,PRACTICE,,,OK
243,1234.0,Distinct Characters Queries,1600.0,data structures,,,_Satoru_,PRACTICE,,,OK
244,1196.0,RGB Substring (hard version),1600.0,data structures,dp,,_Satoru_,PRACTICE,,,OK
245,1151.0,Stas and the Queue at the Buffet,1600.0,greedy,math,,_Satoru_,PRACTICE,,,OK
246,1095.0,Circular Dance,1600.0,implementation,,,_Satoru_,PRACTICE,,,OK
247,1165.0,Two Arrays and Sum of Functions,1600.0,greedy,math,,_Satoru_,PRACTICE,,,OK
248,1437.0,Minimal Height Tree,1600.0,graphs,greedy,,_Satoru_,PRACTICE,,,OK
249,1407.0,Chocolate Bunny,1600.0,constructive algorithms,interactive,,_Satoru_,PRACTICE,,,OK
250,1203.0,Remove the Substring (easy version),1600.0,greedy,implementation,,_Satoru_,PRACTICE,,,OK
251,1213.0,Equalizing by Division (hard version),1600.0,brute force,math,,_Satoru_,PRACTICE,,,OK
252,1504.0,Balance the Bits,1600.0,brute force,constructive algorithms,,_Satoru_,PRACTICE,,,OK
253,1475.0,Advertising Agency,1600.0,combinatorics,math,,_Satoru_,PRACTICE,,,OK
254,1498.0,Planar Reflections,1600.0,brute force,data structures,,_Satoru_,PRACTICE,,,OK
255,1526.0,Potions (Hard Version),1600.0,data structures,greedy,,_Satoru_,PRACTICE,,,OK
256,1151.0,Dima and a Bad XOR,1600.0,bitmasks,brute force,,_Satoru_,PRACTICE,,,OK
257,1140.0,Playlist,1600.0,brute force,data structures,,_Satoru_,PRACTICE,,,OK
258,1511.0,Min Cost String,1600.0,brute force,constructive algorithms,,_Satoru_,PRACTICE,,,OK
259,1539.0,PriceFixed,1600.0,binary search,greedy,,_Satoru_,PRACTICE,,,OK
260,1141.0,Same Sum Blocks (Easy),1900.0,greedy,,,_Satoru_,PRACTICE,,,OK
261,1141.0,Same Sum Blocks (Hard),1900.0,data structures,greedy,,_Satoru_,PRACTICE,,,OK
262,1538.0,Gift Set,2100.0,binary search,greedy,,_Satoru_,PRACTICE,,,OK
263,1537.0,Deleting Divisors,1700.0,games,math,,_Satoru_,PRACTICE,,,OK
264,1534.0,Lost Tree,1800.0,constructive algorithms,interactive,,_Satoru_,PRACTICE,,,OK
265,1536.0,Diluc and Kaeya,1500.0,data structures,dp,,_Satoru_,PRACTICE,,,OK
266,1536.0,Omkar and Medians,2000.0,data structures,greedy,,_Satoru_,PRACTICE,,,OK
267,1527.0,Palindrome Game (hard version),1900.0,constructive algorithms,games,,_Satoru_,PRACTICE,,,OK
268,1515.0,Phoenix and Computers,2200.0,combinatorics,dp,,_Satoru_,PRACTICE,,,OK
269,1536.0,Omkar and Forest,2300.0,combinatorics,graphs,,_Satoru_,PRACTICE,,,OK
270,1526.0,Kill Anton,2200.0,brute force,constructive algorithms,,_Satoru_,PRACTICE,,,OK
271,1535.0,Playoff Tournament,1800.0,data structures,dfs and similar,,_Satoru_,PRACTICE,,,OK
272,1535.0,Gold Transfer,2200.0,binary search,data structures,,_Satoru_,PRACTICE,,,OK
273,1512.0,Education,1900.0,brute force,dp,,_Satoru_,PRACTICE,,,OK
274,1527.0,Sequence Pair Weight,1600.0,hashing,implementation,,_Satoru_,PRACTICE,,,OK
275,1523.0,Compression and Expansion,1600.0,brute force,data structures,,_Satoru_,PRACTICE,,,OK
276,1010.0,Border,1800.0,number theory,,,_Satoru_,PRACTICE,,,OK
277,1016.0,Vasya And The Matrix,1800.0,constructive algorithms,flows,,_Satoru_,PRACTICE,,,OK
278,1030.0,Vasya and Triangle,1800.0,geometry,number theory,,_Satoru_,PRACTICE,,,OK
279,1062.0,Fun with Integers,1800.0,dfs and similar,graphs,,_Satoru_,PRACTICE,,,OK
280,1042.0,Petya and Array,1800.0,data structures,divide and conquer,,_Satoru_,PRACTICE,,,OK
281,1034.0,Enlarge GCD,1800.0,number theory,,,_Satoru_,PRACTICE,,,OK
282,1005.0,Median on Segments (Permutations Edition),1800.0,sortings,,,_Satoru_,PRACTICE,,,OK
283,1082.0,Maximum Diameter Graph,1800.0,constructive algorithms,graphs,,_Satoru_,PRACTICE,,,OK
284,1073.0,Vasya and Robot,1800.0,binary search,two pointers,,_Satoru_,PRACTICE,,,OK
285,1066.0,Boxes Packing,1800.0,binary search,implementation,,_Satoru_,PRACTICE,,,OK
286,1096.0,Easy Problem,1800.0,dp,,,_Satoru_,PRACTICE,,,OK
287,1108.0,Array and Segments (Easy version),1800.0,brute force,greedy,,_Satoru_,PRACTICE,,,OK
288,1109.0,Sasha and One More Name,1800.0,constructive algorithms,hashing,,_Satoru_,PRACTICE,,,OK
289,1119.0,Frets On Fire,1800.0,binary search,sortings,,_Satoru_,PRACTICE,,,OK
290,1133.0,K Balanced Teams,1800.0,dp,sortings,,_Satoru_,PRACTICE,,,OK
291,1528.0,Kavi on Pairing Duty,1700.0,combinatorics,dp,,_Satoru_,PRACTICE,,,OK
292,1529.0,Parsa's Humongous Tree,1600.0,dfs and similar,dp,,_Satoru_,PRACTICE,,,OK
293,1148.0,Dirty Deeds Done Dirt Cheap,1800.0,greedy,sortings,,_Satoru_,PRACTICE,,,OK
294,1118.0,Tree Cutting (Easy Version),1800.0,dfs and similar,trees,,_Satoru_,PRACTICE,,,OK
295,1152.0,Neko does Maths,1800.0,brute force,math,,_Satoru_,PRACTICE,,,OK
296,1156.0,Ugly Pairs,1800.0,dfs and similar,greedy,,_Satoru_,PRACTICE,,,OK
297,1154.0,Two Teams,1800.0,data structures,implementation,,_Satoru_,PRACTICE,,,OK
298,1190.0,"Tokitsukaze, CSL and Stone Game",1800.0,games,,,_Satoru_,PRACTICE,,,OK
299,1196.0,Connected Component on a Chessboard,1800.0,constructive algorithms,implementation,,_Satoru_,PRACTICE,,,OK
300,1207.0,Number Of Permutations,1800.0,combinatorics,,,_Satoru_,PRACTICE,,,OK
301,1225.0,Power Products,1800.0,hashing,math,,_Satoru_,PRACTICE,,,OK
302,1262.0,Optimal Subsequences (Hard Version),1800.0,binary search,data structures,,_Satoru_,PRACTICE,,,OK
303,1213.0,Path Queries,1800.0,divide and conquer,dsu,,_Satoru_,PRACTICE,,,OK
304,1517.0,Explorer Space,1800.0,dp,graphs,,_Satoru_,PRACTICE,,,OK
305,1509.0,The Sports Festival,1800.0,dp,greedy,,_Satoru_,PRACTICE,,,OK
306,1508.0,Almost Sorted,1800.0,binary search,combinatorics,,_Satoru_,PRACTICE,,,OK
307,1118.0,Coffee and Coursework (Hard Version),1700.0,binary search,greedy,,_Satoru_,PRACTICE,,,OK
308,1118.0,Coffee and Coursework (Easy version),1700.0,brute force,greedy,,_Satoru_,PRACTICE,,,OK
309,1249.0,By Elevator or Stairs?,1700.0,dp,shortest paths,,_Satoru_,PRACTICE,,,OK
310,1114.0,Trailing Loves (or L'oeufs?),1700.0,brute force,implementation,,_Satoru_,PRACTICE,,,OK
311,1131.0,Asya And Kittens,1700.0,constructive algorithms,dsu,,_Satoru_,PRACTICE,,,OK
312,1141.0,Superhero Battle,1700.0,math,,,_Satoru_,PRACTICE,,,OK
313,1525.0,Armchairs,1800.0,dp,flows,,_Satoru_,PRACTICE,,,OK
314,1118.0,Palindromic Matrix,1700.0,constructive algorithms,implementation,,_Satoru_,PRACTICE,,,OK
315,1144.0,Graph Without Long Directed Paths,1700.0,dfs and similar,graphs,,_Satoru_,PRACTICE,,,OK
316,1185.0,Extra Element,1700.0,implementation,math,,_Satoru_,PRACTICE,,,OK
317,1194.0,1-2-K Game,1700.0,games,math,,_Satoru_,PRACTICE,,,OK
318,1203.0,Remove the Substring (hard version),1700.0,binary search,greedy,,_Satoru_,PRACTICE,,,OK
319,1153.0,Serval and Parenthesis Sequence,1700.0,greedy,strings,,_Satoru_,PRACTICE,,,OK
320,1157.0,Minimum Array,1700.0,binary search,data structures,,_Satoru_,PRACTICE,,,OK
321,1168.0,Increasing by Modulo,1700.0,binary search,greedy,,_Satoru_,PRACTICE,,,OK
322,1176.0,Cover it!,1700.0,dfs and similar,dsu,,_Satoru_,PRACTICE,,,OK
323,1209.0,Cow and Snacks,1700.0,dfs and similar,dsu,,_Satoru_,PRACTICE,,,OK
324,1216.0,White Sheet,1700.0,geometry,math,,_Satoru_,PRACTICE,,,OK
325,1253.0,Harmonious Graph,1700.0,constructive algorithms,dfs and similar,,_Satoru_,PRACTICE,,,OK
326,1215.0,Ticket Game,1700.0,games,greedy,,_Satoru_,PRACTICE,,,OK
327,1217.0,The Number Of Good Substrings,1700.0,binary search,bitmasks,,_Satoru_,PRACTICE,,,OK
328,1279.0,Santa's Bot,1700.0,combinatorics,math,,_Satoru_,PRACTICE,,,OK
329,1268.0,Long Beautiful Integer,1700.0,constructive algorithms,greedy,,_Satoru_,PRACTICE,,,OK
330,1292.0,Aroma's Search,1700.0,brute force,constructive algorithms,,_Satoru_,PRACTICE,,,OK
331,1491.0,Pekora and Trampoline,1700.0,brute force,data structures,,_Satoru_,PRACTICE,,,OK
332,1340.0,Nastya and Scoreboard,1700.0,bitmasks,dp,,_Satoru_,PRACTICE,,,OK
333,1503.0,3-Coloring,1700.0,constructive algorithms,games,,_Satoru_,PRACTICE,,,OK
334,1484.0,Basic Diplomacy,1600.0,combinatorics,flows,,_Satoru_,PRACTICE,,,OK
335,1520.0,Guess the K-th Zero (Easy version),1600.0,binary search,interactive,,_Satoru_,PRACTICE,,,OK
336,1512.0,Short Task,1700.0,brute force,dp,,_Satoru_,PRACTICE,,,OK
337,1516.0,Baby Ehab Partitions Again,1700.0,bitmasks,constructive algorithms,,_Satoru_,PRACTICE,,,OK
338,1497.0,Square-free division (easy version),1700.0,data structures,dp,,_Satoru_,PRACTICE,,,OK
339,1256.0,Yet Another Division Into Teams,2000.0,dp,greedy,,_Satoru_,PRACTICE,,,OK
340,1344.0,Monopole Magnets,2000.0,constructive algorithms,dfs and similar,,_Satoru_,PRACTICE,,,OK
341,1288.0,Minimax Problem,2000.0,binary search,bitmasks,,_Satoru_,PRACTICE,,,OK
342,1296.0,String Coloring (hard version),2000.0,data structures,dp,,_Satoru_,PRACTICE,,,OK
343,1304.0,1-Trees and Queries,2000.0,data structures,dfs and similar,,_Satoru_,PRACTICE,,,OK
344,1294.0,Three Paths on a Tree,2000.0,dfs and similar,dp,,_Satoru_,PRACTICE,,,OK
345,1257.0,The Contest,2000.0,data structures,dp,,_Satoru_,PRACTICE,,,OK
346,1399.0,Weights Division (easy version),2000.0,data structures,dfs and similar,,_Satoru_,PRACTICE,,,OK
347,1519.0,Maximum Sum of Products,1600.0,brute force,dp,,_Satoru_,PRACTICE,,,OK
348,1268.0,Domino for Young,2000.0,dp,greedy,,_Satoru_,PRACTICE,,,OK
349,1427.0,The Hard Work of Paparazzi,2000.0,dp,,,_Satoru_,PRACTICE,,,OK
350,1426.0,Number of Subsequences,2000.0,combinatorics,dp,,_Satoru_,PRACTICE,,,OK
351,1454.0,Number of Simple Paths,2000.0,combinatorics,dfs and similar,,_Satoru_,PRACTICE,,,OK
352,1458.0,Glass Half Spilled,2000.0,dp,,,_Satoru_,PRACTICE,,,OK
353,1481.0,AB Graph,2000.0,brute force,constructive algorithms,,_Satoru_,PRACTICE,,,OK
354,1513.0,Add One,1600.0,dp,matrices,,_Satoru_,PRACTICE,,,OK
355,1514.0,Product 1 Modulo N,1600.0,greedy,number theory,,_Satoru_,PRACTICE,,,OK
356,1512.0,Permutation by Sum,1600.0,brute force,greedy,,_Satoru_,PRACTICE,,,OK
357,1514.0,Cut and Stick,2000.0,binary search,data structures,,_Satoru_,PRACTICE,,,RUNTIME_ERROR
358,1487.0,Cheap Dinner,2000.0,brute force,data structures,,_Satoru_,PRACTICE,,,OK
359,1493.0,K-beautiful Strings,2000.0,binary search,brute force,,_Satoru_,PRACTICE,,,OK
360,1506.0,Triangular Paths,2000.0,constructive algorithms,graphs,,_Satoru_,PRACTICE,,,OK
361,1506.0,Maximize the Remaining String,2000.0,brute force,data structures,,_Satoru_,PRACTICE,,,TIME_LIMIT_EXCEEDED
362,1513.0,GCD and MST,2000.0,constructive algorithms,dsu,,_Satoru_,PRACTICE,,,OK
363,1385.0,Directing Edges,2000.0,constructive algorithms,dfs and similar,,_Satoru_,PRACTICE,,,OK
364,1277.0,Let's Play the Words?,1900.0,data structures,hashing,,_Satoru_,PRACTICE,,,OK
365,1270.0,Strange Device,1900.0,constructive algorithms,interactive,,_Satoru_,PRACTICE,,,OK
366,1251.0,Salary Changing,1900.0,binary search,greedy,,_Satoru_,PRACTICE,,,OK
367,1238.0,AB-string,1900.0,binary search,combinatorics,,_Satoru_,PRACTICE,,,OK
368,1272.0,Nearest Opposite Parity,1900.0,dfs and similar,graphs,,_Satoru_,PRACTICE,,,OK
369,1205.0,Shortest Cycle,1900.0,bitmasks,brute force,,_Satoru_,PRACTICE,,,OK
370,1285.0,Dr. Evil Underscores,1900.0,bitmasks,brute force,,_Satoru_,PRACTICE,,,OK
371,1294.0,Obtain a Permutation,1900.0,greedy,implementation,,_Satoru_,PRACTICE,,,OK
372,1311.0,Moving Points,1900.0,data structures,divide and conquer,,_Satoru_,PRACTICE,,,OK
373,1313.0,Skyscrapers (hard version),1900.0,data structures,dp,,_Satoru_,PRACTICE,,,OK
374,1342.0,Multiple Testcases,1900.0,binary search,constructive algorithms,,_Satoru_,PRACTICE,,,OK
375,1404.0,Tree Tag,1900.0,dfs and similar,dp,,_Satoru_,PRACTICE,,,OK
376,1369.0,TediousLee,1900.0,dp,graphs,,_Satoru_,PRACTICE,,,OK
377,1490.0,Old Floppy Drive ,1900.0,binary search,data structures,,_Satoru_,PRACTICE,,,OK
378,1495.0,Let's Go Hiking,1900.0,games,greedy,,_Satoru_,PRACTICE,,,OK
379,1492.0,Genius's Gambit,1900.0,bitmasks,constructive algorithms,,_Satoru_,PRACTICE,,,OK
380,1498.0,Box Fitting,1300.0,binary search,bitmasks,,_Satoru_,PRACTICE,,,OK
381,1283.0,Christmas Trees,1800.0,graphs,greedy,,_Satoru_,PRACTICE,,,OK
382,1282.0,Petya and Exam,1800.0,greedy,sortings,,_Satoru_,PRACTICE,,,OK
383,1221.0,Make The Fence Great Again,1800.0,dp,,,_Satoru_,PRACTICE,,,OK
384,1244.0,Paint the Tree,1800.0,brute force,constructive algorithms,,_Satoru_,PRACTICE,,,OK
385,1249.0,Too Many Segments (easy version),1800.0,greedy,,,_Satoru_,PRACTICE,,,OK
386,1249.0,Too Many Segments (hard version),1800.0,data structures,greedy,,_Satoru_,PRACTICE,,,OK
387,1326.0,Prefix-Suffix Palindrome (Hard version),1800.0,binary search,greedy,,_Satoru_,PRACTICE,,,OK
388,1290.0,Irreducible Anagrams,1800.0,binary search,constructive algorithms,,_Satoru_,PRACTICE,,,OK
389,1304.0,Shortest and Longest LIS,1800.0,constructive algorithms,graphs,,_Satoru_,PRACTICE,,,OK
390,1092.0,Tree with Maximum Cost,1900.0,dfs and similar,dp,,_Satoru_,PRACTICE,,,OK
391,1327.0,Count The Blocks,1800.0,combinatorics,dp,,_Satoru_,PRACTICE,,,OK
392,1501.0,Going Home,1800.0,brute force,implementation,,_Satoru_,PRACTICE,,,TIME_LIMIT_EXCEEDED
393,1254.0,Send Boxes to Alice (Easy Version),1800.0,constructive algorithms,greedy,,_Satoru_,PRACTICE,,,OK
394,1296.0,String Coloring (easy version),1800.0,constructive algorithms,dp,,_Satoru_,PRACTICE,,,OK
395,1338.0,Edge Weight Assignment,1800.0,bitmasks,constructive algorithms,,_Satoru_,PRACTICE,,,OK
396,1324.0,Maximum White Subtree,1800.0,dfs and similar,dp,,_Satoru_,PRACTICE,,,OK
397,1382.0,Unmerge,1800.0,dp,,,_Satoru_,PRACTICE,,,OK
398,1299.0,Aerodynamic,1800.0,geometry,,,_Satoru_,PRACTICE,,,OK
399,1388.0,Uncle Bogdan and Country Happiness,1800.0,dfs and similar,greedy,,_Satoru_,PRACTICE,,,OK
400,1401.0,Maximum Distributed Tree,1800.0,dfs and similar,dp,,_Satoru_,PRACTICE,,,OK
401,1491.0,Zookeeper and The Infinite Zoo,1800.0,bitmasks,constructive algorithms,,_Satoru_,PRACTICE,,,OK
402,1334.0,Minimum Euler Cycle,1800.0,constructive algorithms,graphs,,_Satoru_,PRACTICE,,,OK
403,1328.0,Carousel,1800.0,constructive algorithms,dp,,_Satoru_,PRACTICE,,,OK
404,1466.0,Apollo versus Pan,1800.0,bitmasks,brute force,,_Satoru_,PRACTICE,,,OK
405,1475.0,Cleaning the Phone,1800.0,binary search,dp,,_Satoru_,PRACTICE,,,OK
406,1409.0,Two Platforms,1800.0,binary search,dp,,_Satoru_,PRACTICE,,,OK
407,1442.0,Identify the Operations,1800.0,combinatorics,data structures,,_Satoru_,PRACTICE,,,OK
408,1380.0,Universal Solution,1400.0,greedy,,,_Satoru_,PRACTICE,,,TIME_LIMIT_EXCEEDED
409,1329.0,Dreamoon Likes Coloring,1800.0,constructive algorithms,greedy,,_Satoru_,PRACTICE,,,OK
410,1477.0,Nezzar and Board,1800.0,constructive algorithms,math,,_Satoru_,PRACTICE,,,OK
411,1278.0,Berry Jam,1700.0,data structures,dp,,_Satoru_,PRACTICE,,,OK
412,1260.0,Infinite Fence,1700.0,greedy,math,,_Satoru_,PRACTICE,,,OK
413,1325.0,Ehab the Xorcist,1700.0,bitmasks,constructive algorithms,,_Satoru_,PRACTICE,,,OK
414,1332.0,Walk on Matrix,1700.0,bitmasks,constructive algorithms,,_Satoru_,PRACTICE,,,OK
415,1406.0,Link Cut Centroids,1700.0,constructive algorithms,dfs and similar,,_Satoru_,PRACTICE,,,OK
416,1329.0,Dreamoon Likes Sequences,1700.0,bitmasks,combinatorics,,_Satoru_,PRACTICE,,,OK
417,1485.0,Floor and Mod,1700.0,binary search,brute force,,_Satoru_,PRACTICE,,,OK
418,1486.0,Guessing the Greatest (hard version),1900.0,binary search,interactive,,_Satoru_,PRACTICE,,,OK
419,1486.0,Guessing the Greatest (easy version),1600.0,binary search,interactive,,_Satoru_,PRACTICE,,,OK
420,1486.0,Eastern Exhibition,1500.0,binary search,geometry,,_Satoru_,PRACTICE,,,OK
421,1353.0,K-periodic Garland,1900.0,brute force,dp,,_Satoru_,PRACTICE,,,OK
422,1490.0,Accidental Victory,1400.0,binary search,data structures,,_Satoru_,PRACTICE,,,OK
423,1487.0,Minimum Ties,1500.0,brute force,constructive algorithms,,_Satoru_,CONTESTANT,,,OK
424,1487.0,Pythagorean Triples,1500.0,binary search,brute force,,_Satoru_,CONTESTANT,,,OK
425,1371.0,Asterism (Easy Version),1900.0,binary search,brute force,,_Satoru_,PRACTICE,,,OK
426,1303.0,Fill The Bag,1900.0,bitmasks,greedy,,_Satoru_,PRACTICE,,,OK
427,1358.0,The Best Vacation,1900.0,binary search,brute force,,_Satoru_,PRACTICE,,,OK
428,1421.0,Hexagons,1900.0,brute force,constructive algorithms,,_Satoru_,PRACTICE,,,OK
429,1480.0,Painting the Array I,1900.0,data structures,dp,,_Satoru_,PRACTICE,,,OK
430,1480.0,Searching Local Minimum,1700.0,binary search,interactive,,_Satoru_,PRACTICE,,,OK
431,1481.0,Fence Painting,1600.0,brute force,constructive algorithms,,_Satoru_,CONTESTANT,,,OK
